chain_detuning,channel_detuning,I_plus,I_minus,Delta_I,A_current,Iz_plus,Iz_minus,mu_probe_plus,mu_probe_minus,residual
0.0,0.0,0.23551659704856917,0.23552547038605803,-8.873337488862765e-06,-1.8837675236074827e-05,0.025748756738767635,-0.02565509299965026,0.07800584508875424,0.07799847064534253,8.618875613208843e-10
0.0,0.19999999999999998,0.23328941493961047,0.2332860406272642,3.3743123462603997e-06,7.232082841050254e-06,0.03108424801379829,-0.032163223944595955,0.07907184437430721,0.07953618299792627,1.83816243476409e-12
0.0,0.39999999999999997,0.23161744018544378,0.231632351098909,-1.4910913465226994e-05,-3.2187631264520856e-05,0.03775525658211335,-0.03984447173426839,0.07974081766789866,0.08075638245109318,1.5318007279274681e-12
0.0,0.6,0.23485294263521153,0.23512886941231292,-0.0002759267771013929,-0.0005871009686508704,0.030518010159543533,-0.03440195664984099,0.07991262310078032,0.081187627774029,5.902396627011086e-15
0.0,0.7999999999999999,0.22801897740662974,0.22857547173757983,-0.0005564943309500914,-0.0012187934653895228,0.009924683874276299,-0.0178332488143599,0.07320812464566769,0.07419662203442993,1.4663178657392528e-11
0.0,0.9999999999999999,0.19459265693929909,0.19458067219301564,1.198474628344437e-05,3.079539471567869e-05,0.002382817406177493,-0.013825428312927204,0.06394295189473372,0.06443404793415597,1.789455389422656e-11
0.0,1.2,0.1538921136140546,0.1537572197905489,0.0001348938235057051,0.000438466165399748,0.015117015981970641,-0.022319832045839254,0.07859382091290558,0.07954925245139567,1.6336570993549793e-09
0.0,1.4,0.13484394016278226,0.13497363925026898,-0.0001296990874867232,-0.0004806917613332113,0.026009496028644975,-0.02195133058492577,0.09553354547546554,0.09949428007869368,1.1040615643942431e-10
0.19999999999999998,0.0,0.23268437636242187,0.2326945455779341,-1.0169215512223495e-05,-2.185147421336544e-05,0.03086863728318988,-0.030778954443122102,0.07831851308625695,0.07832979310302138,6.704532762302762e-13
0.19999999999999998,0.19999999999999998,0.228933824912192,0.2289369981462616,-3.1732340695922456e-06,-6.930413360685221e-06,0.033333983591762456,-0.034225910221885314,0.07650035067963078,0.0769981156462996,5.216150428255517e-12
0.19999999999999998,0.39999999999999997,0.2266409811721169,0.22671294069523687,-7.195952311997433e-05,-0.0001587270334478961,0.031500279623411,-0.03320020595040009,0.07604237783364591,0.07694040037784852,7.115691594977713e-10
0.19999999999999998,0.6,0.22156031832436135,0.22183839667239055,-0.0002780783480292037,-0.0006271519032959778,0.023589305118191246,-0.026804011394946564,0.07173647199590148,0.07273242301975633,2.0827090052577546e-14
0.19999999999999998,0.7999999999999999,0.20919509968983677,0.20953691023757315,-0.000341810547736382,-0.0008162990639183214,0.018047088519105307,-0.023666568495067895,0.06362740647006712,0.06477102386414645,6.939688199092409e-10
0.19999999999999998,0.9999999999999999,0.18982439008261134,0.19030335623021086,-0.0004789661475995133,-0.0012600136460582203,0.013815265294589952,-0.020906199326808497,0.06513418526280447,0.06647023104890198,1.383042985692029e-13
0.19999999999999998,1.2,0.16490836311463006,0.1647821261382014,0.00012623697642866194,0.0003828954141648106,0.017086883401676266,-0.019419767903833034,0.078087164862248,0.07940708500859153,2.512746954952405e-14
0.19999999999999998,1.4,0.12591123313064584,0.12605564378281647,-0.00014441065217063453,-0.0005731334766681741,0.01897627501707569,-0.020840890989397128,0.07845687612555308,0.08154991888080138,1.5291931150171467e-09
0.39999999999999997,0.0,0.2295538632117256,0.2295427648230271,1.109838869850499e-05,2.417440691301454e-05,0.038761471373874395,-0.03865805702814213,0.07832364286889973,0.0783690271645411,1.5721492978987284e-09
0.39999999999999997,0.19999999999999998,0.22637201167243556,0.22640555340701515,-3.3541734579589644e-05,-7.407993939298635e-05,0.031150158288820173,-0.03181787904981009,0.07537407391925463,0.07587775008361423,3.029070050342142e-13
0.39999999999999997,0.39999999999999997,0.21928401187240376,0.21947352681654272,-0.0001895149441389632,-0.00043193547102405054,0.01939206911082329,-0.020582274748970772,0.06860649973573574,0.06922394411388073,8.442788447526883e-10
0.39999999999999997,0.6,0.20111906777945024,0.20129461723479708,-0.00017554945534684063,-0.0004362412658521426,0.019143771011900304,-0.02107285722840336,0.059077231250486036,0.059635097738073434,2.5833905162656046e-09
0.39999999999999997,0.7999999999999999,0.18370283474790522,0.18393565800093675,-0.00023282325303153328,-0.000633294003820732,0.026607800801143736,-0.029024921411046713,0.06377004581079875,0.06501213872610015,4.916972991958479e-10
0.39999999999999997,0.9999999999999999,0.18051927988322122,0.18108395539396252,-0.0005646755107412971,-0.0015615886575474085,0.02924934530477203,-0.027327672769641726,0.08022600272209646,0.08301257172232998,2.276989360949777e-13
0.39999999999999997,1.2,0.16271725540607082,0.16377295926643928,-0.001055703860368462,-0.003233493112274126,0.018357481094776387,-0.018703251338978596,0.07088370078180105,0.07353592374525975,6.624562010060231e-14
0.39999999999999997,1.4,0.1263581158231356,0.1263592838493788,-1.168026243197895e-06,-4.621867131869392e-06,0.010114285942918754,-0.015483937569509701,0.07223856679790942,0.07400998819277683,9.389994511110888e-11
0.6,0.0,0.23234094074277703,0.2322946470949374,4.629364783961809e-05,9.963431353817715e-05,0.03719468096537071,-0.03710745428943505,0.07728526443568914,0.07733799691288645,1.960363585004621e-09
0.6,0.19999999999999998,0.22036356406503527,0.22045878922872866,-9.522516369339651e-05,-0.00021601709391977787,0.024637309559966267,-0.025055014517306642,0.0702137634241902,0.07064642627167407,1.6479873021779667e-15
0.6,0.39999999999999997,0.2009688758106678,0.2011599685098291,-0.00019109269916128824,-0.00047520266665821977,0.019177814564943257,-0.019519578042538885,0.05815160227950012,0.058536318965269084,3.6360706112681385e-12
0.6,0.6,0.18155421726747312,0.18174681955233266,-0.00019260228485953879,-0.0005301451560543382,0.022564487947027013,-0.02323079179108934,0.060221696344033675,0.060622933967439015,5.666127289583045e-14
0.6,0.7999999999999999,0.1751993865177193,0.17536122007666616,-0.00016183355894686113,-0.0004616421694355119,0.030408717910719685,-0.027031289621275163,0.07795690114766966,0.07942931637436343,1.657701753643437e-14
0.6,0.9999999999999999,0.16060530389683994,0.16114242849117094,-0.000537124594331001,-0.0016693966740479057,0.032228948833350674,-0.027022776861358542,0.06940034137938866,0.07197675636352638,7.727716036520782e-13
0.6,1.2,0.14589387984364147,0.14633210142549744,-0.0004382215818559687,-0.0014995982901751931,0.024764748752930523,-0.024490498505494215,0.06870729976844142,0.07161113407139821,7.766714988158285e-10
0.6,1.4,0.13306714710313586,0.13330073443677457,-0.00023358733363870732,-0.000876935057966846,0.012840506093359261,-0.017259841542666264,0.07170890362531074,0.07302589121420303,5.002855768543313e-14
0.7999999999999999,0.0,0.2308347791555598,0.23082051124167602,1.4267913883786454e-05,3.090599020647957e-05,0.02184824734482329,-0.021937302256385807,0.07000318363550326,0.0699928786385597,2.061208465194142e-09
0.7999999999999999,0.19999999999999998,0.20731304498463304,0.20739200617374928,-7.896118911623895e-05,-0.00019040324899752053,0.02548762936666137,-0.025415615989948903,0.06028510015746085,0.06058553340626334,1.4976331633165252e-10
0.7999999999999999,0.39999999999999997,0.18258088633193234,0.18267073166780828,-8.984533587594323e-05,-0.0002459820338865879,0.028383616748976263,-0.02828128948282704,0.06194594058040253,0.062371684377420036,2.354317643615822e-10
0.7999999999999999,0.6,0.17614205536217467,0.17621618593716115,-7.413057498648068e-05,-0.00021038410997035594,0.02897733703964972,-0.02675773324917886,0.07751662290871114,0.07846647636024202,9.013987473105445e-12
0.7999999999999999,0.7999999999999999,0.15963168618203696,0.15996355672845888,-0.0003318705464219196,-0.0010384089055883148,0.027424265344893114,-0.021951125177194965,0.06402171911604267,0.0650253739602299,6.930220286527344e-16
0.7999999999999999,0.9999999999999999,0.13974569357721103,0.13953096455486994,0.00021472902234109803,0.0007688756510382768,0.02681140345453899,-0.02256057752715851,0.06101637701968081,0.06236145415778371,1.594124138248887e-14
0.7999999999999999,1.2,0.1304171652996796,0.1301679919210735,0.00024917337860608235,0.0009562071042864375,0.025986907082671925,-0.026279757331346004,0.0693699777988351,0.07131300787820609,5.5114879674023065e-12
0.7999999999999999,1.4,0.1301097911372364,0.13021615274962947,-0.00010636161239307995,-0.000408570927680198,0.02060376922495585,-0.022572831529298794,0.07305849273887467,0.07450279391752528,9.43513676909813e-10
0.9999999999999999,0.0,0.20251246469710132,0.20255241635436963,-3.995165726830563e-05,-9.863026674788189e-05,0.008264621699842097,-0.008543591424287473,0.0615796196561277,0.06151704447713575,5.3805180796895336e-12
0.9999999999999999,0.19999999999999998,0.19307629922051014,0.19302579241268014,5.050680783000305e-05,0.00013081205443970031,0.025924969244768538,-0.02558521008599048,0.06175718006220801,0.06195541280282059,1.1336961751318153e-11
0.9999999999999999,0.39999999999999997,0.18269823706060265,0.18264430840541657,5.39286551860807e-05,0.00014761120995993238,0.034325051102496895,-0.03336874783376254,0.07926507362537652,0.07999059982004433,4.380176776841438e-16
0.9999999999999999,0.6,0.16129332870823343,0.16163103548788085,-0.00033770677964742313,-0.0010457767114850814,0.030715621622020368,-0.027721482641681436,0.06415047523765091,0.06469948664026484,1.2782642132280753e-11
0.9999999999999999,0.7999999999999999,0.13918908203589714,0.13896108581873012,0.00022799621716701468,0.0008196875052262233,0.025317479492900304,-0.021141521943830923,0.05837806168211842,0.0583127578294661,3.421828792538051e-14
0.9999999999999999,0.9999999999999999,0.12681836986870407,0.12652278293798042,0.0002955869307236514,0.0011667545025707022,0.02178480394553155,-0.02067798332525616,0.06364051912478753,0.06402519232571628,1.4527988187462704e-12
0.9999999999999999,1.2,0.12161979422775582,0.12140309254752187,0.0002167016802339522,0.0008916924784715252,0.022274536401320006,-0.02221639366951027,0.06627964631840223,0.06714185613904625,1.7047852712837042e-11
0.9999999999999999,1.4,0.12136204944288657,0.12126201780404244,0.0001000316388441308,0.00041229066835453,0.023581410709256217,-0.024099301971477888,0.069772857033179,0.07072661039386273,1.4578616092109087e-14
1.2,0.0,0.1550255160768225,0.15505686326428392,-3.13471874614224e-05,-0.00010109309509309105,0.009107463132836115,-0.009218205931415454,0.06712245931457973,0.06702976249650774,2.652030504923797e-12
1.2,0.19999999999999998,0.1784053704421416,0.17826549627848431,0.00013987416365729421,0.0003921659342220827,0.01823045239795559,-0.01752366205480307,0.0819349841831645,0.08202886772184924,9.544028761743206e-12
1.2,0.39999999999999997,0.17246445159509755,0.1725980697003986,-0.00013361810530104767,-0.00038722868191942266,0.027737430042595268,-0.026163777184518552,0.06294225366456657,0.06287718378005938,9.861902960928148e-16
1.2,0.6,0.14493964968570655,0.14478961703181414,0.00015003265389240683,0.0005178374128102329,0.03050029985081979,-0.02776100695010883,0.06064778174645215,0.06023256790940694,6.301677929476668e-11
1.2,0.7999999999999999,0.12700829026202862,0.12680865703258629,0.00019963322944233086,0.0007865244286096036,0.0262094340393305,-0.025198573404260884,0.06548262685481167,0.06520526800050357,3.362110936877549e-13
1.2,0.9999999999999999,0.12020270281542005,0.12006380324300839,0.00013889957241165762,0.0005781062649567967,0.02135841342810727,-0.02084645831788648,0.06389116135523296,0.06389284735359108,6.576609916375542e-12
1.2,1.2,0.1172120482758377,0.11710186924641722,0.00011017902942048186,0.0004702197401911355,0.019154694242291163,-0.018881550831403384,0.06293910558426523,0.06311071668243763,3.832154038541091e-11
1.2,1.4,0.11594079657934324,0.11585160676538836,8.918981395487913e-05,0.0003847831622947203,0.020496465220410487,-0.020449438412461184,0.06484365579762866,0.06516334257274548,7.847889005319075e-14
1.4,0.0,0.13289725148105877,0.1329067114357365,-9.459954677742966e-06,-3.558996853897253e-05,0.02316160580560991,-0.022973182909137135,0.07904239512308572,0.07898934870287577,4.675927067418484e-10
1.4,0.19999999999999998,0.13504789887562804,0.1350430811045099,4.817771118131864e-06,1.7837586129259683e-05,0.010308039607393153,-0.009891019894664049,0.06665940768565926,0.06661553616476408,1.316382204630262e-09
1.4,0.39999999999999997,0.14042243402229235,0.14043505513965607,-1.2621117363720291e-05,-4.4937798886476144e-05,0.013237387547104091,-0.012454552450221364,0.0623334068775287,0.06235112546295243,4.4922520564538715e-12
1.4,0.6,0.13670489219568838,0.13667232815576294,3.256403992543677e-05,0.00011911760564238942,0.02346480205332835,-0.02283439078048081,0.06483114969444602,0.06467915950115148,2.0481880080858161e-13
1.4,0.7999999999999999,0.12575308200119084,0.12567538291988448,7.769908130636494e-05,0.0003090305679221924,0.026966725919874812,-0.026516822431189378,0.06654993685960996,0.0663194748086728,8.920639981910283e-10
1.4,0.9999999999999999,0.11756125717515131,0.11748668675135968,7.45704237916367e-05,0.00031725622673368947,0.023829232060374243,-0.023464198197794987,0.06514702802322495,0.06495743605904812,1.4591200426725126e-09
1.4,1.2,0.11462565020727182,0.11456506687674202,6.0583330529800916e-05,0.00026433588279927165,0.019544293717121058,-0.01923015294955538,0.06236318548327137,0.06226607947290613,5.209065817579628e-12
1.4,1.4,0.11380862727504529,0.11375598306388633,5.26442111589559e-05,0.00023133742579985674,0.017846831299498246,-0.01761109274002373,0.061715551702020845,0.06171627517675243,7.98700225748683e-10
