chirality,probe_kind,gamma_probe,I_plus,I_minus,A_current,Iz_plus,Iz_minus,mu_probe_plus,mu_probe_minus,residual_plus,residual_minus
1,all,0.05,0.19545788603243938,0.19528451080959955,0.000443707220514189,0.04135034909199986,-0.03513628930987648,0.06351206537628878,0.0613798886064754,1.6433816113492483e-13,6.730596982529313e-14
1,all,0.1,0.18556843545230245,0.18549284374484418,0.0002037175843888312,0.037977247032059944,-0.0320438515233498,0.06523847960624474,0.06356603885251018,3.2914699611696907e-12,1.0349489494576591e-11
1,all,0.25,0.16391728299830657,0.16408720005293576,-0.0005180327203108273,0.030722740271903182,-0.027416555895130236,0.06785869616160499,0.06705608466440628,1.8355802988700987e-13,1.5073792908326666e-13
1,all,0.5,0.14163978838648417,0.1417749448133896,-0.0004768856769704634,0.02450095287719119,-0.023426090077250165,0.06909107088515078,0.06884215367934884,1.7379327144073642e-14,1.7263100671183196e-14
1,all,0.8,0.12593362002169461,0.12598338330257522,-0.00019753839647159124,0.021017985344381433,-0.020684710113882607,0.0693728322848911,0.06930817006746096,1.0952133297492672e-11,1.0916765755264457e-11
1,all,1.2,0.11324941536759447,0.11326116828116091,-5.188681860737935e-05,0.01889886099408503,-0.018800601138010433,0.06961423473372227,0.069604857988392,1.3343065367876772e-10,1.3349572142162813e-10
1,tau_plus,0.05,0.2007645838521516,0.20119061538686306,-0.0010598980570920087,0.041853186977953497,-0.03750947324404719,0.0736216218206689,0.08310088235795267,2.368362647924699e-10,3.0134932852039775e-11
1,tau_plus,0.1,0.19481303537540118,0.195548768847553,-0.0018847475961854645,0.039158326952338215,-0.03498974233480152,0.07181381609429434,0.0803133204442322,4.461194001020852e-12,2.4703152067331868e-11
1,tau_plus,0.25,0.18113557930012703,0.18231827224652586,-0.0032540388315214293,0.03297383164503246,-0.02970753707487994,0.06918322806426595,0.07554776066348291,1.4643255358270935e-11,3.1474337025549914e-12
1,tau_plus,0.5,0.1664060517290848,0.16763325338062163,-0.003673824106219457,0.02636053067621662,-0.024730333787643846,0.06841887949199006,0.07279166195038665,2.5379004453540688e-15,8.367438686374129e-14
1,tau_plus,0.8,0.15542281652745485,0.15646344777930749,-0.0033365728823155265,0.021864585213749062,-0.02162851533397264,0.06859747641067102,0.07178729918353273,7.792940858591946e-11,4.8407306808828654e-11
1,tau_plus,1.2,0.14615116643832063,0.14696601288236022,-0.0027799341066533645,0.01887173348198251,-0.01959074556600085,0.0688182523630167,0.07123733929680809,2.7125480681067238e-12,2.8586620917647743e-12
1,rho_plus,0.05,0.20027711830115746,0.20053162739872682,-0.0006349888826026902,0.043793392679217696,-0.03599475326892743,0.06857002298725877,0.07691327116319041,2.321873162486332e-14,1.1054525350662203e-15
1,rho_plus,0.1,0.1939227579388217,0.19426298030737743,-0.000876442215762093,0.04322571139229834,-0.03242336582922762,0.06650948726281579,0.07331306461635295,9.185863875105227e-13,2.595714441999686e-13
1,rho_plus,0.25,0.1792662303381341,0.1794984800497629,-0.0006473594110683088,0.04288886842458808,-0.0258381718126719,0.06348441582267295,0.06682244583607314,1.4796102624364815e-10,8.357909676848241e-11
1,rho_plus,0.5,0.1632101768655684,0.1632096387764816,1.6484571739532345e-06,0.04267798505949829,-0.02128782239191757,0.06166634212163692,0.06204752385472367,2.1206360018705128e-10,2.5607480545752903e-10
1,rho_plus,0.8,0.1510503929817882,0.15097959794768334,0.00023439736526496762,0.04188512183299098,-0.019450493579087066,0.060232619843241374,0.05917773423579782,6.588176185151617e-13,6.769888469260188e-13
1,rho_plus,1.2,0.14070190748017725,0.14066420493053658,0.0001339981894679341,0.04056094986832714,-0.01865035255120636,0.05869077318499022,0.056861918943792195,1.3120414876083286e-09,1.3456458395483262e-09
-1,all,0.05,0.19528451080959952,0.19545788603243935,-0.00044370722051418905,0.03513628930987649,-0.041350349091999854,0.061379888606475426,0.06351206537628878,6.730727086790012e-14,1.6434423266709075e-13
-1,all,0.1,0.18549284374484415,0.18556843545230242,-0.0002037175843888312,0.03204385152334979,-0.03797724703205997,0.06356603885251018,0.06523847960624474,1.0349473882065308e-11,3.2914799358296776e-12
-1,all,0.25,0.16408720005293578,0.1639172829983066,0.0005180327203108272,0.02741655589513024,-0.030722740271903193,0.06705608466440628,0.06785869616160499,1.507344596363147e-13,1.835554278017959e-13
-1,all,0.5,0.14177494481338962,0.14163978838648417,0.00047688567697056134,0.023426090077250165,-0.02450095287719118,0.06884215367934883,0.06909107088515079,1.7243151351209463e-14,1.738626603797755e-14
-1,all,0.8,0.12598338330257522,0.12593362002169461,0.00019753839647159124,0.020684710113882614,-0.021017985344381433,0.06930817006746094,0.0693728322848911,1.0916770959434885e-11,1.0952115950257912e-11
-1,all,1.2,0.11326116828116091,0.11324941536759446,5.188681860744062e-05,0.018800601138010433,-0.018898860994085033,0.06960485798839199,0.06961423473372226,1.3349569887022295e-10,1.3343065714821467e-10
-1,tau_plus,0.05,0.20119061538686311,0.2007645838521516,0.0010598980570921469,0.037509473244047166,-0.04185318697795351,0.08310088235795263,0.07362162182066889,3.0134943910901935e-11,2.368362616482836e-10
-1,tau_plus,0.1,0.19554876884755307,0.19481303537540118,0.0018847475961856065,0.034989742334801524,-0.0391583269523382,0.08031332044423223,0.07181381609429434,2.470315358521491e-11,4.461195085223024e-12
-1,tau_plus,0.25,0.18231827224652586,0.18113557930012705,0.003254038831521353,0.029707537074879956,-0.032973831645032474,0.07554776066348291,0.06918322806426595,3.1474302331080395e-12,1.4643259695079625e-11
-1,tau_plus,0.5,0.16763325338062163,0.1664060517290848,0.003673824106219457,0.024730333787643853,-0.026360530676216614,0.07279166195038665,0.06841887949199006,8.367265214026531e-14,2.546574062733953e-15
-1,tau_plus,0.8,0.15646344777930749,0.15542281652745485,0.0033365728823155265,0.021628515333972628,-0.021864585213749073,0.07178729918353274,0.068597476410671,4.8407319819254724e-11,7.792940685119598e-11
-1,tau_plus,1.2,0.14696601288236022,0.14615116643832063,0.0027799341066533645,0.019590745566000812,-0.018871733481982508,0.0712373392968081,0.0688182523630167,2.8586612244030363e-12,2.712546333383248e-12
-1,rho_plus,0.05,0.20053162739872682,0.20027711830115752,0.0006349888826025517,0.035994753268927454,-0.04379339267921772,0.07691327116319045,0.06857002298725877,1.1097893437561623e-15,2.3217430582256338e-14
-1,rho_plus,0.1,0.19426298030737738,0.1939227579388217,0.0008764422157619501,0.0324233658292276,-0.043225711392298354,0.07331306461635292,0.0665094872628158,2.5957404628518255e-13,9.185902906383436e-13
-1,rho_plus,0.25,0.1794984800497629,0.1792662303381341,0.0006473594110683088,0.02583817181267193,-0.04288886842458807,0.06682244583607314,0.06348441582267297,8.357909720216328e-11,1.479610271110099e-10
-1,rho_plus,0.5,0.16320963877648156,0.16321017686556838,-1.6484571739532352e-06,0.021287822391917555,-0.0426779850594983,0.06204752385472367,0.0616663421216369,2.560748071922525e-10,2.1206360365649823e-10
-1,rho_plus,0.8,0.15097959794768334,0.15105039298178827,-0.0002343973652651514,0.019450493579087045,-0.04188512183299098,0.059177734235797814,0.06023261984324137,6.770035920755646e-13,6.588245574090656e-13
-1,rho_plus,1.2,0.1406642049305366,0.14070190748017722,-0.00013399818946773683,0.018650352551206385,-0.04056094986832714,0.056861918943792195,0.05869077318499022,1.345645833476794e-09,1.3120414824041582e-09
